,Chothia,Sequence,pt,hb,hy
0,1,Q,0.25,0.18,0.22
1,2,V,0.27,0.16,0.27
2,3,E,0.16,0.15,0.15
3,4,L,0.15,0.17,0.17
4,5,V,0.15,0.16,0.16
5,6,Q,0.15,0.16,0.17
6,7,S,0.16,0.15,0.13
7,8,G,0.19,0.15,0.15
8,9,A,0.15,0.14,0.15
9,10,E,0.15,0.16,0.16
10,11,V,0.15,0.15,0.16
11,12,K,0.16,0.16,0.16
12,13,K,0.15,0.15,0.16
13,14,P,0.15,0.14,0.16
14,15,G,0.14,0.13,0.17
15,16,S,0.16,0.17,0.15
16,17,S,0.16,0.15,0.16
17,18,V,0.14,0.16,0.14
18,19,K,0.18,0.17,0.16
19,20,V,0.15,0.16,0.16
20,21,S,0.15,0.15,0.16
21,22,C,0.17,0.15,0.17
22,23,K,0.17,0.14,0.16
23,24,A,0.15,0.17,0.14
24,25,S,0.2,0.16,0.15
25,26,G,0.27,0.21,0.18
26,27,G,0.28,0.19,0.3
27,28,T,0.32,0.26,0.27
28,29,F,0.23,0.21,0.22
29,30,S,0.37,0.31,0.31
30,31,S,0.42,0.34,0.31
38,32,Y,0.37,0.3,0.37
39,33,G,0.46,0.4,0.43
40,34,I,0.22,0.16,0.16
41,35,S,0.34,0.26,0.27
42,36,W,0.16,0.14,0.16
43,37,V,0.25,0.17,0.19
44,38,R,0.15,0.14,0.15
45,39,Q,0.15,0.15,0.16
46,40,A,0.16,0.16,0.15
47,41,P,0.15,0.16,0.13
48,42,G,0.13,0.18,0.13
49,43,Q,0.14,0.15,0.14
50,44,G,0.16,0.16,0.14
51,45,L,0.17,0.17,0.15
52,46,E,0.2,0.15,0.15
53,47,W,0.28,0.17,0.3
54,48,M,0.15,0.15,0.15
55,49,G,0.15,0.16,0.15
56,50,G,0.4,0.3,0.37
57,51,I,0.28,0.15,0.28
58,52,I,0.49,0.33,0.4
59,52A,P,0.38,0.33,0.31
67,53,I,0.42,0.33,0.36
68,54,F,0.44,0.33,0.37
69,55,G,0.33,0.28,0.24
70,56,T,0.43,0.33,0.38
71,57,A,0.32,0.26,0.23
72,58,N,0.43,0.32,0.4
73,59,Y,0.24,0.22,0.21
74,60,A,0.22,0.16,0.13
75,61,Q,0.26,0.22,0.22
76,62,K,0.18,0.13,0.16
77,63,F,0.15,0.15,0.15
78,64,Q,0.24,0.2,0.19
79,65,G,0.18,0.17,0.15
80,66,R,0.17,0.16,0.16
81,67,V,0.18,0.16,0.17
82,68,T,0.18,0.18,0.15
83,69,I,0.17,0.17,0.17
84,70,T,0.19,0.14,0.19
85,71,A,0.23,0.19,0.18
86,72,D,0.19,0.16,0.2
87,73,E,0.25,0.2,0.25
88,74,S,0.26,0.18,0.22
89,75,T,0.21,0.16,0.18
90,76,S,0.22,0.17,0.18
91,77,T,0.16,0.18,0.17
92,78,A,0.14,0.14,0.18
93,79,Y,0.16,0.18,0.16
94,80,M,0.15,0.16,0.16
95,81,E,0.18,0.17,0.14
96,82,L,0.16,0.16,0.15
97,82A,S,0.16,0.16,0.18
98,82B,S,0.16,0.15,0.14
99,82C,L,0.17,0.15,0.16
100,83,R,0.15,0.16,0.16
101,84,S,0.16,0.15,0.14
102,85,E,0.14,0.15,0.14
103,86,D,0.17,0.15,0.15
104,87,T,0.16,0.14,0.16
105,88,A,0.17,0.15,0.17
106,89,V,0.17,0.16,0.15
107,90,Y,0.14,0.15,0.14
108,91,Y,0.16,0.14,0.14
109,92,C,0.14,0.18,0.16
110,93,A,0.24,0.16,0.19
111,94,R,0.32,0.24,0.22
112,95,Y,0.44,0.31,0.39
113,96,D,0.43,0.33,0.36
114,97,G,0.47,0.35,0.39
115,98,I,0.47,0.37,0.41
116,99,Y,0.44,0.34,0.39
117,100,G,0.45,0.35,0.39
118,100A,E,0.37,0.29,0.32
119,100B,L,0.29,0.24,0.27
140,101,D,0.33,0.26,0.26
141,102,F,0.27,0.22,0.25
142,103,W,0.26,0.19,0.21
143,104,G,0.16,0.17,0.15
144,105,Q,0.17,0.15,0.16
145,106,G,0.17,0.16,0.14
146,107,T,0.16,0.15,0.15
147,108,L,0.15,0.17,0.18
148,109,V,0.15,0.15,0.16
149,110,T,0.18,0.16,0.15
150,111,V,0.14,0.16,0.17
151,112,S,0.15,0.17,0.17
152,113,S,0.15,0.17,0.19
